year;title;studios;producers;winner
2011;Radiant Whisper;Lighthouse Pictures;Morgan Walker and Cameron Davis and Parker Johnson;
2000;Last Frontier;Sunset Cinema;Quinn Brown and Rowan Baker;
2027;Hidden Destiny;Eclipse Entertainment;Quinn Clark and Avery Taylor;
2006;Celestial Fall;Nova Pictures;Cameron Taylor and Avery Scott and Alex Taylor;
2013;Distant Paradox;Silver Screen Productions;Dakota Allen and Riley King;
2028;Storm Legacy;Blue Horizon;Finley Clark and Taylor Wilson and Reese Wilson;
2004;Crimson Horizon;Sunset Cinema;Finley Brown and Dakota Hall;
2018;Infinite Fall;Titan Films;Jamie Jones and Alex Williams;
2007;Storm Echo;Titan Films;Emerson Wilson;
2003;Fallen Reckoning;Titan Films;Sydney Scott and Finley Clark and Dakota Baker;
2028;Last Whisper;Eclipse Entertainment;Casey Young and Dakota Anderson;
2026;Secret Echo;Titan Films;Jamie Anderson and Dakota Brown and Reese Wilson;
2010;Eternal Legacy;Nova Pictures;Jamie Walker;
2022;Infinite Legacy;Aurora Media;Rowan Scott and Dakota Hall;yes
2026;Celestial Fall;Lighthouse Pictures;Alex Green and Avery Young and Alex Lewis;
2012;Celestial Frontier;Eclipse Entertainment;Jamie Young and Jamie Anderson and Quinn Young;yes
2010;Ancient Journey;Titan Films;Finley Scott;yes
2012;Distant Labyrinth;Moonlight Films;Quinn Jones;
2005;Silent Chronicle;Aurora Media;Riley Allen and Rowan Clark;
2012;Secret Whisper;Blue Horizon;Skyler Smith;
2001;Epic Quest;Starlight Studios;Jordan Smith and Jamie Davis and Alex Baker;
2004;Broken Odyssey;Lighthouse Pictures;Dakota Anderson;
2005;Lonely Paradox;Starlight Studios;Reese Williams;
2029;Mystic Labyrinth;Aurora Media;Riley Brown and Cameron Wilson;
2024;Mystic Paradox;Starlight Studios;Jordan Lewis and Emerson Hall and Blake Brown;
2010;Crimson Whisper;Titan Films;Quinn Lewis;
2026;Fallen Reckoning;Aurora Media;Sydney Anderson;
2029;Eternal Miracle;Titan Films;Cameron Anderson and Rowan Wilson;
2002;Secret Promise;Sunset Cinema;Cameron Baker and Avery Clark;yes
2027;Radiant Journey;Titan Films;Blake Anderson;
2028;Lonely Chronicle;Eclipse Entertainment;Sydney Davis;yes
2023;Celestial Miracle;Eclipse Entertainment;Skyler Young;
2000;Golden Destiny;Sunset Cinema;Jamie Taylor and Cameron Lewis;
2016;Epic Whisper;Eclipse Entertainment;Blake Allen and Parker Taylor;
2003;Infinite Revelation;Starlight Studios;Emerson Miller and Riley Davis and Skyler Anderson;
2024;Last Paradox;Blue Horizon;Riley Taylor;
2005;Mystic Saga;Eclipse Entertainment;Parker Johnson;
2017;Mystic Reckoning;Titan Films;Alex Green;
2015;Fallen Revelation;Nova Pictures;Parker Young;
2002;Ancient Miracle;Starlight Studios;Jordan Jones and Logan Green and Reese Brown;
2003;Eternal Whisper;Lighthouse Pictures;Finley Wilson and Sydney Walker and Dakota Allen;
2018;Celestial Destiny;Lighthouse Pictures;Jordan Baker and Morgan Davis and Riley Anderson;
2005;Lost Journey;Eclipse Entertainment;Casey Smith;
2022;Lonely Miracle;Blue Horizon;Jamie Taylor;
2022;Fallen Legacy;Sunset Cinema;Cameron Davis and Quinn Williams;
2020;Shadow Chronicle;Nova Pictures;Jordan Miller;
2019;Distant Destiny;Titan Films;Dakota Taylor;
2008;Last Frontier;Titan Films;Taylor Baker and Jordan Hall;
2019;Secret Saga;Starlight Studios;Cameron Green;
2024;Secret Labyrinth;Moonlight Films;Skyler King;
2029;Secret Journey;Lighthouse Pictures;Skyler Brown and Skyler Lewis;
2010;Hidden Journey;Silver Screen Productions;Skyler Taylor and Avery Scott;yes
2002;Radiant Chronicle;Silver Screen Productions;Avery King;
2000;Eternal Promise;Aurora Media;Riley King;
2024;Broken Promise;Moonlight Films;Parker Scott;
2009;Fallen Miracle;Starlight Studios;Finley Wilson;
2009;Eternal Saga;Eclipse Entertainment;Taylor Wilson and Morgan Allen;
2020;Shadow Miracle;Blue Horizon;Parker Hall and Skyler Young and Jamie Allen;
2012;Infinite Paradox;Eclipse Entertainment;Logan Brown and Parker Hall and Rowan King;
2000;Mystic Destiny;Lighthouse Pictures;Skyler Jones and Dakota Scott and Skyler Lewis;
2024;Eternal Fall;Titan Films;Riley Wilson and Cameron Walker;
2024;Celestial Horizon;Silver Screen Productions;Skyler Walker and Avery Jones and Skyler Johnson;
2018;Radiant Odyssey;Titan Films;Sydney Allen;yes
2004;Celestial Reckoning;Starlight Studios;Parker Clark and Finley Walker;
2027;Radiant Frontier;Aurora Media;Skyler Scott and Jordan Baker;yes
2020;Mystic Quest;Starlight Studios;Morgan Williams and Dakota Miller;
2028;Crimson Horizon;Silver Screen Productions;Reese Lewis;
2004;Lost Echo;Aurora Media;Casey Miller and Casey Brown and Finley Walker;
2007;Broken Labyrinth;Nova Pictures;Dakota Anderson;
2021;Crimson Promise;Blue Horizon;Emerson Miller and Taylor Allen and Blake Green;
2013;Secret Promise;Blue Horizon;Avery Young;
2012;Distant Rise;Lighthouse Pictures;Reese Smith and Avery Anderson;yes
2027;Silent Paradox;Titan Films;Jamie Baker and Blake Wilson;
2019;Secret Reckoning;Starlight Studios;Jordan Taylor and Dakota Johnson and Cameron Lewis;
2002;Mystic Revelation;Aurora Media;Riley Jones;
2028;Epic Echo;Eclipse Entertainment;Casey Anderson and Skyler Taylor;
2010;Hidden Promise;Starlight Studios;Jamie Walker;
2025;Eternal Rise;Starlight Studios;Alex Anderson and Emerson Williams;
2021;Secret Labyrinth;Aurora Media;Blake Williams and Jamie Young and Alex Baker;
2017;Radiant Paradox;Sunset Cinema;Taylor Allen and Reese Hall and Morgan Jones;yes
2001;Mystic Miracle;Starlight Studios;Jamie Scott;
2014;Epic Frontier;Aurora Media;Logan Hall and Morgan Young and Finley Hall;
2008;Silent Rise;Sunset Cinema;Dakota Wilson and Blake Williams;
2011;Eternal Rise;Moonlight Films;Parker Davis and Morgan Allen;yes
2006;Lonely Saga;Moonlight Films;Jamie Jones and Cameron Davis;yes
2024;Eternal Empire;Lighthouse Pictures;Jamie Clark;
2025;Lonely Saga;Blue Horizon;Logan Scott;
2005;Hidden Saga;Nova Pictures;Blake Wilson;
2000;Storm Chronicle;Moonlight Films;Quinn King;
2002;Broken Promise;Silver Screen Productions;Cameron Williams and Dakota King and Jamie Baker;yes
2025;Last Destiny;Titan Films;Alex Johnson and Skyler Walker and Quinn Williams;
2029;Fallen Legacy;Starlight Studios;Finley Jones and Taylor Jones;
2020;Distant Frontier;Silver Screen Productions;Finley King and Reese Allen;
2013;Hidden Odyssey;Eclipse Entertainment;Riley Hall and Dakota Wilson and Quinn Clark;
2012;Celestial Odyssey;Silver Screen Productions;Rowan Anderson and Blake Jones;
2015;Golden Legacy;Starlight Studios;Quinn Williams;
2011;Shadow Frontier;Moonlight Films;Emerson Scott and Rowan Williams and Quinn Lewis;
2024;Celestial Horizon;Blue Horizon;Reese Lewis and Morgan Green and Sydney Davis;
2015;Lost Odyssey;Silver Screen Productions;Blake Williams and Parker Green and Jamie Hall;
2024;Lonely Paradox;Eclipse Entertainment;Finley Anderson;yes
2008;Mystic Revelation;Silver Screen Productions;Casey Jones;
2012;Golden Reckoning;Moonlight Films;Sydney Davis;
2014;Radiant Journey;Silver Screen Productions;Rowan Green and Finley Brown;
2004;Storm Paradox;Moonlight Films;Taylor Anderson and Dakota Hall and Skyler Baker;
2008;Infinite Echo;Starlight Studios;Quinn Williams and Reese Green;
2021;Mystic Horizon;Sunset Cinema;Finley Johnson and Alex Davis;
2006;Shadow Chronicle;Blue Horizon;Morgan Smith and Skyler Hall;
2012;Eternal Quest;Eclipse Entertainment;Blake Brown and Avery Johnson and Quinn Smith;
2002;Radiant Labyrinth;Aurora Media;Avery Hall and Reese Williams and Avery Smith;
2005;Lonely Promise;Silver Screen Productions;Quinn Williams;
2018;Ancient Echo;Starlight Studios;Reese Clark and Jamie Clark;
2002;Last Odyssey;Eclipse Entertainment;Riley Lewis and Blake Jones and Jamie Williams;
2006;Storm Paradox;Nova Pictures;Taylor Miller and Skyler Allen and Cameron Green;
2029;Distant Paradox;Silver Screen Productions;Rowan Jones and Dakota Brown and Skyler Allen;
2025;Secret Labyrinth;Moonlight Films;Sydney Brown and Reese Allen;
2001;Epic Destiny;Starlight Studios;Taylor Baker and Finley King and Avery Allen;
2025;Silent Promise;Lighthouse Pictures;Riley Clark and Finley Young and Sydney Jones;
2014;Hidden Revelation;Starlight Studios;Casey Johnson and Jamie Allen and Dakota King;
2005;Epic Rise;Blue Horizon;Quinn Clark and Finley Johnson;
2020;Radiant Legacy;Silver Screen Productions;Emerson Walker;
2023;Lonely Reckoning;Silver Screen Productions;Cameron Jones;
2009;Ancient Reckoning;Lighthouse Pictures;Taylor Taylor and Emerson Walker and Rowan Jones;
2026;Last Legacy;Aurora Media;Blake Smith and Blake Taylor and Casey Davis;
2024;Broken Empire;Sunset Cinema;Logan Brown;
2025;Hidden Echo;Eclipse Entertainment;Sydney Johnson and Rowan Baker and Logan Baker;
2005;Storm Paradox;Nova Pictures;Dakota Johnson and Quinn Lewis and Jamie Allen;
2024;Fallen Quest;Eclipse Entertainment;Reese Young;
2006;Epic Labyrinth;Titan Films;Reese Walker and Sydney King;
2005;Infinite Paradox;Nova Pictures;Jordan Young and Blake Scott;
2022;Last Odyssey;Blue Horizon;Casey Anderson;
2016;Shadow Whisper;Starlight Studios;Dakota Lewis;
2013;Silent Fall;Eclipse Entertainment;Jamie Walker and Taylor Lewis;
2010;Hidden Revelation;Nova Pictures;Jordan Taylor;
2015;Shadow Miracle;Titan Films;Alex Brown and Alex Anderson and Riley Jones;
2023;Lonely Echo;Aurora Media;Reese Wilson;
2001;Lost Whisper;Lighthouse Pictures;Taylor Williams and Skyler Baker;
2020;Last Labyrinth;Sunset Cinema;Logan Taylor and Quinn Smith and Finley Lewis;
2013;Storm Legacy;Eclipse Entertainment;Taylor King and Emerson King;
2016;Eternal Saga;Aurora Media;Jordan Walker and Blake Anderson;
2011;Golden Rise;Sunset Cinema;Morgan Green and Rowan Jones and Jordan Lewis;
2026;Storm Promise;Titan Films;Casey Jones and Taylor Allen and Jordan Taylor;
2025;Infinite Horizon;Silver Screen Productions;Sydney Walker and Emerson Young;
2024;Infinite Destiny;Silver Screen Productions;Rowan Anderson;
2011;Celestial Fall;Titan Films;Rowan Miller and Skyler Young;
2025;Last Chronicle;Starlight Studios;Quinn Brown and Quinn Baker and Casey Scott;
2003;Golden Revelation;Blue Horizon;Dakota Baker and Quinn Miller;
2011;Fallen Horizon;Silver Screen Productions;Quinn Anderson and Jordan Brown and Avery Lewis;
2023;Storm Saga;Nova Pictures;Dakota Johnson and Logan Brown and Jamie Lewis;
2018;Silent Paradox;Nova Pictures;Dakota Lewis and Blake Allen and Taylor Green;
2011;Ancient Revelation;Blue Horizon;Morgan Smith;
2015;Last Fall;Eclipse Entertainment;Parker Anderson;
2006;Lonely Destiny;Titan Films;Morgan Jones;
2014;Storm Promise;Starlight Studios;Rowan Lewis and Taylor Scott and Emerson Taylor;
2027;Storm Journey;Silver Screen Productions;Jamie Williams and Riley Jones and Jamie Young;yes
2017;Distant Rise;Titan Films;Logan Baker and Taylor Brown and Reese Walker;
2023;Broken Echo;Aurora Media;Cameron Brown and Logan Clark;
2014;Fallen Echo;Silver Screen Productions;Emerson Green;
2004;Celestial Echo;Moonlight Films;Sydney Jones;
2005;Radiant Quest;Silver Screen Productions;Reese Brown and Parker Davis and Emerson Anderson;
2009;Lonely Frontier;Starlight Studios;Casey Green and Cameron Jones and Casey Baker;
2019;Radiant Labyrinth;Moonlight Films;Taylor Johnson;
2024;Distant Chronicle;Sunset Cinema;Quinn Baker and Alex Young and Emerson Taylor;
2009;Broken Quest;Aurora Media;Dakota Brown and Jordan Miller;
2015;Fallen Empire;Silver Screen Productions;Logan Clark and Rowan Lewis and Avery Jones;
2016;Eternal Odyssey;Silver Screen Productions;Dakota Williams;
2007;Shadow Odyssey;Moonlight Films;Avery Baker and Quinn Wilson;
2028;Storm Revelation;Lighthouse Pictures;Rowan Davis and Casey Young and Sydney Allen;
2009;Broken Saga;Starlight Studios;Sydney Allen and Jamie Davis;
2001;Silent Destiny;Titan Films;Skyler Taylor and Emerson Smith and Morgan Hall;
2008;Epic Fall;Silver Screen Productions;Avery Johnson;
2006;Epic Frontier;Blue Horizon;Avery King;
2017;Secret Paradox;Lighthouse Pictures;Logan Williams;
2025;Radiant Frontier;Silver Screen Productions;Riley Baker;
2016;Silent Horizon;Moonlight Films;Rowan Young;
2004;Lonely Echo;Nova Pictures;Finley Clark and Casey Walker;
2023;Mystic Labyrinth;Silver Screen Productions;Sydney Scott and Skyler Green and Reese Young;
2011;Radiant Odyssey;Aurora Media;Reese Smith and Finley Young and Parker Green;
2023;Silent Labyrinth;Titan Films;Sydney Baker;
2012;Shadow Quest;Moonlight Films;Morgan Davis and Alex Allen and Rowan Hall;
2022;Infinite Whisper;Eclipse Entertainment;Skyler Johnson and Logan King and Riley Scott;
2021;Broken Echo;Aurora Media;Casey Allen and Emerson Clark;
2021;Secret Paradox;Titan Films;Jamie Anderson;
2007;Mystic Destiny;Sunset Cinema;Skyler Clark and Skyler Lewis and Emerson Anderson;
2018;Eternal Fall;Aurora Media;Logan Taylor and Jordan Taylor;
2002;Epic Promise;Blue Horizon;Skyler Davis and Riley Scott and Parker Scott;
2004;Hidden Paradox;Lighthouse Pictures;Jamie Johnson;
2016;Lost Quest;Moonlight Films;Quinn Clark;
2003;Shadow Saga;Eclipse Entertainment;Quinn Young;
2006;Mystic Revelation;Blue Horizon;Jordan Brown and Cameron Wilson and Emerson Johnson;
2005;Celestial Journey;Moonlight Films;Skyler Miller and Reese Johnson;yes
2018;Lonely Odyssey;Silver Screen Productions;Dakota Scott and Sydney Young;
2004;Last Promise;Blue Horizon;Morgan Clark;
2014;Secret Journey;Moonlight Films;Rowan Taylor and Cameron Davis and Casey Baker;
2028;Ancient Whisper;Eclipse Entertainment;Taylor Walker and Morgan Miller;
2015;Radiant Quest;Moonlight Films;Avery Wilson and Dakota Anderson;
2009;Distant Labyrinth;Moonlight Films;Blake Wilson and Jordan Williams;
2005;Ancient Echo;Blue Horizon;Morgan Taylor and Blake Baker and Jamie Wilson;
2015;Shadow Promise;Lighthouse Pictures;Quinn Scott and Skyler Scott;
2026;Infinite Quest;Lighthouse Pictures;Sydney Allen;
2011;Golden Labyrinth;Starlight Studios;Emerson King;
2017;Shadow Journey;Silver Screen Productions;Dakota Williams and Riley Green and Skyler Brown;
2014;Silent Promise;Nova Pictures;Quinn Allen and Cameron Johnson and Emerson Allen;
2009;Crimson Fall;Blue Horizon;Riley Green;yes
2013;Epic Legacy;Eclipse Entertainment;Taylor Young;yes
2013;Storm Reckoning;Aurora Media;Avery Allen and Avery Walker;yes
2021;Eternal Reckoning;Silver Screen Productions;Casey Scott;
2004;Lost Saga;Moonlight Films;Dakota Scott and Quinn Scott;
2007;Lost Promise;Silver Screen Productions;Parker Davis;
2023;Hidden Horizon;Aurora Media;Alex Wilson and Riley Brown and Morgan Baker;yes
2019;Silent Quest;Moonlight Films;Dakota Wilson and Emerson Davis;
2024;Silent Reckoning;Eclipse Entertainment;Jamie Green and Rowan Green;
2021;Radiant Quest;Blue Horizon;Sydney Wilson;
2008;Silent Frontier;Lighthouse Pictures;Casey Hall and Emerson Young and Jordan Lewis;
2021;Ancient Echo;Silver Screen Productions;Quinn Hall and Logan Taylor and Avery Miller;
2015;Lost Quest;Blue Horizon;Logan Allen and Jordan Scott and Quinn Hall;
2004;Ancient Quest;Blue Horizon;Rowan Brown;
2027;Epic Legacy;Eclipse Entertainment;Riley Johnson and Parker Walker and Finley Baker;yes
2002;Infinite Labyrinth;Eclipse Entertainment;Skyler Davis;
2010;Mystic Saga;Sunset Cinema;Morgan Young;
2022;Lonely Empire;Aurora Media;Emerson Clark;
2012;Fallen Frontier;Silver Screen Productions;Parker Lewis and Sydney Young;
2025;Broken Revelation;Sunset Cinema;Rowan Hall and Jordan Green;
2023;Shadow Saga;Blue Horizon;Cameron Green and Quinn Taylor and Logan Davis;
2012;Distant Quest;Titan Films;Rowan Anderson and Skyler Young and Dakota Miller;
2011;Storm Reckoning;Eclipse Entertainment;Casey Scott and Jordan King;yes
2027;Golden Horizon;Moonlight Films;Logan Wilson and Taylor Jones;yes
2016;Fallen Rise;Moonlight Films;Finley Young and Skyler Smith and Alex Scott;
2000;Crimson Echo;Blue Horizon;Reese Smith and Sydney Hall and Casey Williams;
2016;Shadow Quest;Sunset Cinema;Sydney Anderson and Blake Anderson and Avery Brown;
2012;Fallen Labyrinth;Sunset Cinema;Jamie Taylor and Taylor Johnson and Taylor Walker;
2017;Broken Horizon;Moonlight Films;Casey Brown and Skyler Hall and Rowan Green;
2003;Last Horizon;Sunset Cinema;Cameron Young;
2029;Golden Chronicle;Eclipse Entertainment;Jordan Miller and Rowan Smith and Riley Green;
2026;Ancient Legacy;Blue Horizon;Cameron Wilson;
2027;Ancient Frontier;Silver Screen Productions;Logan Brown and Sydney Lewis;yes
2013;Lost Legacy;Silver Screen Productions;Finley Baker and Avery Clark and Alex Anderson;
2014;Broken Quest;Silver Screen Productions;Avery Hall and Casey Green and Avery Brown;
2009;Lost Legacy;Starlight Studios;Logan Walker and Logan Walker;
2003;Golden Saga;Blue Horizon;Blake Anderson and Morgan Jones;yes
2013;Fallen Frontier;Eclipse Entertainment;Quinn Williams and Alex Brown and Blake Scott;yes
2019;Radiant Fall;Moonlight Films;Quinn Walker and Taylor Scott;
2007;Distant Echo;Nova Pictures;Avery Miller and Logan Anderson and Reese Anderson;
2002;Storm Whisper;Blue Horizon;Reese Young and Taylor Lewis;
2007;Broken Paradox;Lighthouse Pictures;Dakota Williams;
2000;Ancient Revelation;Lighthouse Pictures;Rowan Allen and Rowan Hall;
2027;Lonely Reckoning;Blue Horizon;Finley Davis and Skyler Clark;
2012;Radiant Destiny;Titan Films;Jamie Clark and Avery Anderson and Avery Lewis;
2018;Infinite Labyrinth;Eclipse Entertainment;Emerson Smith;
2014;Infinite Promise;Blue Horizon;Taylor Hall and Skyler Jones and Reese Wilson;
2004;Celestial Fall;Starlight Studios;Finley Young and Cameron Walker;
2029;Celestial Frontier;Moonlight Films;Emerson Baker and Taylor Williams;
2021;Epic Journey;Lighthouse Pictures;Cameron Walker;
2010;Celestial Odyssey;Moonlight Films;Parker Wilson;
2016;Eternal Labyrinth;Lighthouse Pictures;Dakota Lewis;
2024;Distant Echo;Nova Pictures;Alex Young and Morgan Taylor;
2002;Hidden Reckoning;Silver Screen Productions;Rowan Allen and Riley King;
2015;Hidden Promise;Titan Films;Taylor Taylor and Jordan Williams;yes
2010;Hidden Journey;Sunset Cinema;Casey Scott and Casey Clark and Emerson Hall;
2007;Ancient Journey;Nova Pictures;Quinn Walker and Alex Baker and Riley Allen;
2012;Crimson Empire;Sunset Cinema;Taylor Green and Morgan Scott;
2010;Infinite Promise;Starlight Studios;Skyler King and Rowan Baker;
2012;Distant Odyssey;Silver Screen Productions;Dakota Baker and Casey Taylor;
2018;Golden Reckoning;Silver Screen Productions;Jamie Taylor;
2011;Shadow Echo;Aurora Media;Finley Jones and Cameron Walker;
2015;Eternal Journey;Eclipse Entertainment;Skyler Taylor;
2010;Fallen Paradox;Moonlight Films;Alex Young and Logan Davis;
2017;Last Miracle;Aurora Media;Skyler Hall and Dakota Young and Casey Brown;
2025;Lost Destiny;Moonlight Films;Jamie Scott and Reese Miller;
2018;Broken Frontier;Eclipse Entertainment;Cameron Williams;
2017;Epic Frontier;Moonlight Films;Dakota Scott and Riley Hall and Morgan Wilson;
2001;Fallen Chronicle;Silver Screen Productions;Dakota Williams;
2007;Infinite Labyrinth;Silver Screen Productions;Finley Hall and Casey Baker and Logan Davis;
2025;Silent Labyrinth;Silver Screen Productions;Parker Baker and Emerson Miller and Rowan Taylor;
2008;Last Odyssey;Nova Pictures;Jordan Anderson and Logan Jones;
2022;Radiant Quest;Aurora Media;Logan Green and Parker Hall;
2002;Golden Fall;Eclipse Entertainment;Parker Lewis and Dakota Young and Rowan Green;yes
2024;Golden Promise;Silver Screen Productions;Emerson Walker;
2013;Infinite Miracle;Blue Horizon;Reese Clark and Emerson Green;
2027;Broken Revelation;Moonlight Films;Morgan Allen;yes
2029;Storm Promise;Titan Films;Quinn Davis;
2029;Shadow Destiny;Nova Pictures;Taylor Lewis and Parker Brown;
2028;Storm Horizon;Aurora Media;Reese Wilson and Quinn Brown and Morgan Smith;
2002;Shadow Labyrinth;Sunset Cinema;Dakota Smith and Alex Clark and Morgan Hall;
2015;Golden Quest;Aurora Media;Morgan Williams;
2028;Mystic Reckoning;Aurora Media;Logan Brown;
2000;Lonely Journey;Titan Films;Riley Jones and Quinn Baker;
2027;Infinite Legacy;Starlight Studios;Morgan Green;
2011;Celestial Revelation;Nova Pictures;Parker Brown;
2019;Lonely Paradox;Blue Horizon;Alex Taylor and Riley King and Finley King;
2012;Mystic Horizon;Sunset Cinema;Avery Williams and Jamie Young;
2002;Last Saga;Silver Screen Productions;Logan Walker and Cameron Hall;
2021;Storm Miracle;Starlight Studios;Cameron Brown;yes
2006;Silent Horizon;Aurora Media;Reese King and Quinn Hall and Avery Brown;
2017;Lonely Reckoning;Blue Horizon;Reese Brown;
2006;Shadow Frontier;Silver Screen Productions;Cameron Brown and Reese Hall;
2027;Lost Horizon;Sunset Cinema;Quinn Williams;
2019;Silent Destiny;Nova Pictures;Alex Jones;
2005;Broken Rise;Eclipse Entertainment;Parker Miller and Blake Jones and Parker Williams;
2000;Radiant Whisper;Blue Horizon;Taylor Anderson and Cameron Brown and Skyler Allen;
2001;Broken Labyrinth;Nova Pictures;Casey Anderson and Morgan Green;
2003;Lost Echo;Moonlight Films;Alex Wilson;yes
2011;Ancient Reckoning;Nova Pictures;Emerson Hall;
2007;Celestial Revelation;Blue Horizon;Cameron Lewis;
2021;Silent Journey;Sunset Cinema;Jordan Walker and Taylor Allen and Reese Taylor;
2017;Fallen Saga;Silver Screen Productions;Reese Green;
2023;Lonely Quest;Titan Films;Cameron Young and Riley Scott;
2007;Shadow Saga;Aurora Media;Jamie Scott;
2026;Crimson Revelation;Moonlight Films;Avery Taylor and Morgan Davis and Sydney Wilson;
2001;Shadow Chronicle;Starlight Studios;Jamie King;
2028;Epic Promise;Starlight Studios;Morgan King and Logan Walker and Taylor Green;
2013;Shadow Quest;Blue Horizon;Rowan Walker and Rowan Clark;
2007;Golden Empire;Nova Pictures;Morgan Jones and Morgan Miller and Dakota Allen;
2003;Eternal Rise;Sunset Cinema;Reese Allen and Parker Williams;yes
2025;Mystic Paradox;Moonlight Films;Rowan Jones;yes
2007;Epic Fall;Eclipse Entertainment;Reese Anderson;
2005;Crimson Fall;Titan Films;Emerson Wilson and Morgan Allen and Morgan Jones;
2001;Lost Reckoning;Sunset Cinema;Blake Brown and Cameron Green;
2026;Golden Saga;Starlight Studios;Dakota Jones;yes
2027;Radiant Odyssey;Moonlight Films;Jordan Miller and Cameron Hall;
2012;Broken Saga;Aurora Media;Quinn Miller and Blake Davis and Casey Anderson;
2028;Shadow Horizon;Lighthouse Pictures;Finley Wilson and Reese Young and Quinn Scott;
2002;Secret Fall;Nova Pictures;Riley King and Jamie Scott;
2012;Epic Miracle;Eclipse Entertainment;Blake Green and Sydney Clark;
2005;Crimson Revelation;Lighthouse Pictures;Alex Anderson;yes
2015;Last Rise;Lighthouse Pictures;Casey Williams;
2007;Secret Frontier;Moonlight Films;Cameron Walker;
2026;Storm Journey;Sunset Cinema;Rowan Lewis and Cameron Smith and Blake Green;
2018;Infinite Miracle;Eclipse Entertainment;Casey Young and Jordan Brown;yes
2019;Lost Saga;Eclipse Entertainment;Alex Clark and Finley Davis;
2010;Storm Revelation;Moonlight Films;Logan Green;
2004;Hidden Echo;Silver Screen Productions;Blake Walker;
2010;Mystic Revelation;Nova Pictures;Quinn Young;
2005;Eternal Paradox;Silver Screen Productions;Cameron Miller;
2023;Mystic Reckoning;Nova Pictures;Alex Green and Avery Green and Jordan Miller;
2029;Lonely Quest;Lighthouse Pictures;Skyler Jones;
2002;Lost Rise;Silver Screen Productions;Taylor Clark;
2008;Infinite Quest;Starlight Studios;Parker Williams and Alex Johnson;
2023;Celestial Journey;Aurora Media;Avery Lewis and Emerson Walker;
2015;Distant Quest;Nova Pictures;Taylor Johnson and Reese Smith;
2003;Golden Revelation;Nova Pictures;Casey Brown and Emerson Brown;
2019;Broken Saga;Aurora Media;Casey Baker and Quinn Miller and Jordan Williams;
2006;Celestial Frontier;Eclipse Entertainment;Reese Taylor and Jamie Williams;yes
2018;Eternal Miracle;Nova Pictures;Blake Smith;
2009;Lonely Miracle;Sunset Cinema;Alex Davis;
2009;Golden Miracle;Starlight Studios;Avery Young and Skyler Anderson;yes
2017;Ancient Journey;Silver Screen Productions;Blake Miller and Dakota Johnson;
2014;Secret Quest;Blue Horizon;Jordan Jones and Morgan Brown and Blake Scott;
2024;Distant Quest;Eclipse Entertainment;Avery King;
2017;Broken Labyrinth;Sunset Cinema;Reese Brown and Avery Johnson;
2028;Last Labyrinth;Lighthouse Pictures;Morgan Allen;
2005;Infinite Empire;Nova Pictures;Quinn Brown;
2013;Infinite Reckoning;Lighthouse Pictures;Rowan Brown and Taylor Walker;
2017;Radiant Chronicle;Eclipse Entertainment;Alex Baker and Cameron King;
2003;Celestial Reckoning;Nova Pictures;Cameron Green and Morgan Williams and Cameron Williams;
2027;Eternal Rise;Aurora Media;Avery Young and Cameron Baker;
2005;Secret Fall;Nova Pictures;Finley Walker and Jordan Walker and Rowan Wilson;yes
2015;Secret Rise;Moonlight Films;Reese Taylor and Parker Young;
2021;Hidden Quest;Nova Pictures;Dakota Clark and Parker Hall;
2002;Infinite Promise;Sunset Cinema;Skyler King and Blake Johnson;
2005;Golden Destiny;Eclipse Entertainment;Logan King and Cameron Smith;
2028;Infinite Horizon;Sunset Cinema;Dakota Johnson;
2022;Infinite Chronicle;Silver Screen Productions;Sydney Walker and Morgan Smith;
2015;Lonely Promise;Nova Pictures;Cameron Scott and Blake Lewis;
2028;Secret Legacy;Blue Horizon;Avery Johnson;
2018;Infinite Quest;Sunset Cinema;Riley Anderson and Quinn King and Alex Smith;
2004;Storm Paradox;Moonlight Films;Parker Baker;
2009;Secret Whisper;Aurora Media;Dakota Anderson and Riley Allen;
2016;Lonely Fall;Lighthouse Pictures;Alex King;
2026;Epic Frontier;Lighthouse Pictures;Reese Taylor and Morgan Young and Taylor Clark;
2020;Radiant Chronicle;Blue Horizon;Reese Davis and Logan King and Jamie Johnson;
2025;Lonely Fall;Silver Screen Productions;Logan Smith and Skyler Taylor and Parker Hall;
2023;Silent Labyrinth;Lighthouse Pictures;Rowan Wilson;
2020;Broken Rise;Eclipse Entertainment;Casey Scott and Casey Taylor;yes
2004;Secret Frontier;Nova Pictures;Rowan Brown and Jamie Lewis and Jamie Taylor;
2028;Radiant Rise;Blue Horizon;Reese Allen and Morgan Young and Jordan Green;
2019;Golden Miracle;Sunset Cinema;Morgan Walker and Sydney Taylor and Quinn Johnson;
2004;Shadow Empire;Silver Screen Productions;Cameron Allen and Logan Clark;
2005;Golden Miracle;Silver Screen Productions;Casey Clark and Jordan Smith and Dakota Anderson;
2024;Storm Labyrinth;Nova Pictures;Taylor Jones and Finley Hall;
2012;Celestial Miracle;Aurora Media;Jordan Scott;
2011;Crimson Revelation;Eclipse Entertainment;Alex Smith;
2007;Lost Rise;Blue Horizon;Morgan Walker;
2009;Storm Legacy;Moonlight Films;Reese Allen and Sydney Baker;
2013;Shadow Revelation;Titan Films;Riley Miller and Avery Smith;
2023;Shadow Empire;Moonlight Films;Sydney Miller and Morgan Lewis and Jordan Walker;
2008;Eternal Paradox;Moonlight Films;Jordan Williams and Alex Johnson and Morgan Hall;
2003;Eternal Chronicle;Titan Films;Logan Davis and Alex Taylor and Quinn Williams;
2008;Lonely Paradox;Nova Pictures;Morgan King and Finley Williams;
2025;Hidden Miracle;Sunset Cinema;Riley Anderson and Sydney Davis and Blake Hall;
2001;Eternal Miracle;Sunset Cinema;Skyler Clark and Jamie Smith and Alex Brown;
2026;Distant Miracle;Nova Pictures;Sydney Brown;
2003;Secret Quest;Titan Films;Parker Allen and Jordan Williams;
2027;Silent Destiny;Silver Screen Productions;Rowan Hall and Morgan Williams and Jordan Smith;
2021;Storm Revelation;Silver Screen Productions;Finley Anderson and Taylor Lewis;
2005;Hidden Fall;Aurora Media;Parker Walker and Skyler Hall;
2025;Storm Odyssey;Nova Pictures;Jordan Miller and Morgan Hall and Cameron Young;
2021;Fallen Journey;Lighthouse Pictures;Blake Baker and Alex Jones;
2015;Hidden Whisper;Titan Films;Taylor Anderson;
2000;Last Labyrinth;Lighthouse Pictures;Rowan King;
2022;Lonely Odyssey;Aurora Media;Jamie Young and Blake Walker and Logan Scott;
2019;Silent Saga;Nova Pictures;Skyler Young and Casey Brown and Skyler Clark;
2008;Silent Echo;Sunset Cinema;Avery Walker and Jamie Brown and Dakota Allen;
2014;Golden Miracle;Titan Films;Morgan Young and Alex Williams;
2001;Eternal Frontier;Moonlight Films;Finley Baker;
2028;Last Frontier;Sunset Cinema;Dakota Clark and Blake Johnson and Jamie Allen;
2024;Lonely Paradox;Titan Films;Blake Allen and Morgan Williams and Jamie Smith;
2026;Mystic Frontier;Eclipse Entertainment;Morgan Johnson and Casey Young;
2022;Celestial Odyssey;Blue Horizon;Riley Davis and Morgan Walker and Riley Allen;
2006;Radiant Odyssey;Aurora Media;Cameron Williams;
2014;Fallen Labyrinth;Eclipse Entertainment;Skyler Smith;
2001;Eternal Whisper;Lighthouse Pictures;Sydney Miller and Cameron Miller;
2004;Hidden Fall;Lighthouse Pictures;Rowan King and Avery Hall and Finley Wilson;
2010;Mystic Promise;Nova Pictures;Quinn Baker;
2023;Last Destiny;Eclipse Entertainment;Emerson Davis and Riley Davis;
2009;Epic Reckoning;Nova Pictures;Emerson Clark and Morgan Lewis and Emerson Young;
2021;Celestial Frontier;Blue Horizon;Alex King and Morgan Smith;
2001;Silent Empire;Blue Horizon;Reese Anderson;
2001;Mystic Empire;Eclipse Entertainment;Blake Allen;
2027;Eternal Quest;Eclipse Entertainment;Jamie King and Reese Johnson;
2012;Celestial Revelation;Eclipse Entertainment;Alex Anderson;
2027;Fallen Quest;Silver Screen Productions;Emerson Baker and Riley Davis and Reese Allen;
2021;Golden Journey;Nova Pictures;Sydney Williams and Avery Johnson and Quinn Anderson;
2004;Storm Labyrinth;Blue Horizon;Rowan Allen;
2004;Silent Reckoning;Silver Screen Productions;Jordan Baker and Reese Young and Cameron Scott;
2025;Radiant Echo;Sunset Cinema;Sydney Brown;
2005;Celestial Frontier;Eclipse Entertainment;Taylor Lewis and Jamie Davis;
2010;Epic Destiny;Sunset Cinema;Sydney Young and Emerson Smith and Morgan Lewis;
2028;Lonely Paradox;Sunset Cinema;Rowan Walker;
2003;Ancient Chronicle;Eclipse Entertainment;Reese Smith and Sydney Lewis and Sydney King;
2001;Mystic Empire;Silver Screen Productions;Taylor Williams and Casey Scott and Emerson Smith;
2006;Infinite Whisper;Starlight Studios;Emerson Hall;
2002;Shadow Saga;Titan Films;Rowan Johnson and Taylor Brown and Jordan Miller;
2017;Golden Labyrinth;Sunset Cinema;Quinn Walker and Dakota Walker;
2000;Ancient Odyssey;Eclipse Entertainment;Finley Brown;
2018;Silent Legacy;Silver Screen Productions;Morgan Taylor and Reese Baker and Taylor Taylor;
2014;Ancient Fall;Moonlight Films;Casey Scott and Jamie Jones;
2025;Eternal Destiny;Nova Pictures;Blake Smith and Emerson Scott;
2001;Crimson Labyrinth;Lighthouse Pictures;Emerson Scott and Taylor Taylor;
2023;Epic Empire;Aurora Media;Sydney Jones and Casey Miller and Jamie Baker;
2006;Hidden Journey;Lighthouse Pictures;Emerson Allen;
2002;Mystic Legacy;Blue Horizon;Riley Green;
2010;Epic Reckoning;Sunset Cinema;Reese Baker;yes
2006;Radiant Miracle;Titan Films;Finley Taylor and Cameron Jones;
2011;Radiant Whisper;Nova Pictures;Rowan Wilson;
2022;Celestial Chronicle;Silver Screen Productions;Rowan Young;
2011;Mystic Miracle;Eclipse Entertainment;Casey Baker;yes
2008;Shadow Frontier;Sunset Cinema;Taylor Brown and Alex King;
2026;Distant Labyrinth;Aurora Media;Riley Johnson and Emerson Anderson and Emerson Scott;
2024;Shadow Rise;Aurora Media;Cameron Taylor;
2016;Last Legacy;Aurora Media;Sydney Smith and Jamie Baker;
2024;Last Reckoning;Titan Films;Casey Green;
2021;Shadow Miracle;Silver Screen Productions;Jamie Young;
2008;Epic Quest;Moonlight Films;Riley King and Blake Walker and Skyler Allen;
2001;Radiant Odyssey;Eclipse Entertainment;Parker Anderson and Cameron Scott and Cameron Miller;
2012;Epic Labyrinth;Starlight Studios;Parker Walker and Jamie King and Avery Lewis;
2011;Broken Miracle;Lighthouse Pictures;Sydney Jones;
2007;Golden Echo;Blue Horizon;Logan Miller;
2019;Hidden Quest;Aurora Media;Morgan Young and Skyler Young;
2005;Celestial Saga;Sunset Cinema;Logan Green;
2004;Last Horizon;Lighthouse Pictures;Jordan Miller;
2005;Last Fall;Lighthouse Pictures;Alex Taylor and Taylor Davis and Dakota Baker;
2027;Broken Journey;Sunset Cinema;Finley Jones and Cameron Miller;
2016;Secret Journey;Silver Screen Productions;Finley Green and Taylor Wilson;
2004;Hidden Saga;Sunset Cinema;Sydney Hall and Logan Baker and Morgan Miller;
2019;Lonely Horizon;Eclipse Entertainment;Morgan Brown and Skyler Jones and Finley Scott;
2028;Celestial Echo;Aurora Media;Jordan King and Quinn Wilson;
2015;Ancient Rise;Lighthouse Pictures;Cameron Williams and Quinn Jones and Parker Young;
2029;Golden Destiny;Lighthouse Pictures;Quinn Anderson and Riley Smith and Alex Green;
2016;Crimson Fall;Sunset Cinema;Rowan Hall and Blake Williams and Logan Hall;
2008;Secret Frontier;Aurora Media;Blake Baker and Parker Walker and Riley Hall;
2017;Broken Journey;Silver Screen Productions;Emerson Young and Parker Taylor and Cameron Lewis;
2012;Shadow Odyssey;Sunset Cinema;Casey Williams and Riley King;
2010;Eternal Paradox;Moonlight Films;Avery Smith;
2026;Shadow Miracle;Lighthouse Pictures;Taylor Brown and Parker Wilson;
2019;Silent Fall;Aurora Media;Sydney Taylor and Finley Johnson and Casey Young;
2006;Last Destiny;Sunset Cinema;Finley King;
2007;Lonely Journey;Moonlight Films;Jamie Smith and Casey Brown;
2024;Ancient Rise;Aurora Media;Cameron Davis and Sydney Smith;
2002;Golden Frontier;Blue Horizon;Emerson Green and Blake Lewis and Parker Wilson;
2006;Fallen Fall;Lighthouse Pictures;Parker Miller;
2003;Eternal Legacy;Eclipse Entertainment;Rowan Williams and Sydney Anderson;
2026;Distant Chronicle;Titan Films;Cameron Young and Jamie Clark;
2014;Fallen Labyrinth;Moonlight Films;Morgan Anderson and Taylor Walker;
2007;Lost Revelation;Aurora Media;Sydney Scott and Alex Anderson;
2002;Ancient Revelation;Starlight Studios;Casey Young and Rowan Lewis and Riley Green;
2023;Infinite Miracle;Sunset Cinema;Jamie Anderson;
2006;Lost Paradox;Silver Screen Productions;Morgan Williams;
2021;Broken Paradox;Moonlight Films;Jordan Young and Blake Baker and Rowan Young;
2028;Distant Chronicle;Titan Films;Sydney Anderson;
2024;Distant Reckoning;Moonlight Films;Quinn Young and Emerson Johnson and Sydney Lewis;
2021;Storm Promise;Starlight Studios;Sydney Allen and Rowan Smith and Alex Davis;
2003;Radiant Rise;Lighthouse Pictures;Casey Scott and Parker Wilson;
2019;Radiant Rise;Nova Pictures;Quinn Davis and Quinn Lewis;
2012;Secret Promise;Nova Pictures;Logan Green and Jamie Williams and Parker Wilson;
2027;Ancient Empire;Nova Pictures;Logan Young and Alex Miller and Quinn Young;
2028;Last Frontier;Silver Screen Productions;Reese Anderson and Emerson Green;yes
2003;Storm Horizon;Sunset Cinema;Skyler Williams and Dakota Clark;
2011;Eternal Frontier;Blue Horizon;Alex Hall and Morgan Lewis;
2019;Infinite Labyrinth;Lighthouse Pictures;Emerson Miller and Reese Lewis and Rowan King;
2023;Fallen Legacy;Aurora Media;Reese Allen and Logan Miller and Rowan Hall;
2018;Ancient Legacy;Starlight Studios;Rowan Wilson;
2020;Mystic Chronicle;Lighthouse Pictures;Avery Anderson and Dakota Lewis and Cameron King;
2013;Storm Journey;Moonlight Films;Jamie Anderson;
2022;Golden Empire;Nova Pictures;Morgan Williams and Taylor Young;
2000;Ancient Echo;Starlight Studios;Parker Baker;
2020;Ancient Destiny;Sunset Cinema;Reese Allen;
2004;Last Journey;Moonlight Films;Blake Clark;
2014;Eternal Chronicle;Eclipse Entertainment;Logan Scott and Casey Green;
2020;Distant Whisper;Eclipse Entertainment;Emerson Taylor and Blake Young and Emerson Wilson;
2014;Mystic Rise;Aurora Media;Logan Taylor and Alex Smith;
2024;Shadow Rise;Blue Horizon;Emerson Smith and Skyler Young;
2024;Celestial Destiny;Lighthouse Pictures;Alex Scott;
2013;Eternal Whisper;Aurora Media;Casey Walker;
2007;Secret Legacy;Aurora Media;Jamie King and Finley Anderson and Reese Scott;
2013;Infinite Legacy;Nova Pictures;Reese Williams;
2019;Fallen Chronicle;Lighthouse Pictures;Riley Clark and Alex Jones;yes
2017;Crimson Journey;Starlight Studios;Parker Jones and Dakota Smith;
2004;Crimson Miracle;Sunset Cinema;Quinn Taylor and Skyler Lewis;
2025;Silent Revelation;Starlight Studios;Jordan Anderson;
2002;Eternal Miracle;Nova Pictures;Parker Walker;
2003;Lost Fall;Titan Films;Jordan Davis;
2024;Hidden Echo;Sunset Cinema;Avery Taylor and Rowan Miller;
2001;Eternal Echo;Starlight Studios;Skyler Taylor and Riley Lewis;
2027;Infinite Odyssey;Sunset Cinema;Quinn Clark and Alex Miller and Parker Green;
2025;Lost Saga;Moonlight Films;Skyler Baker and Logan Lewis and Taylor Wilson;
2002;Lonely Revelation;Moonlight Films;Blake Jones;
2025;Hidden Reckoning;Titan Films;Rowan Scott;
2024;Epic Promise;Sunset Cinema;Avery Lewis;
2008;Silent Miracle;Titan Films;Reese Scott and Skyler Davis and Cameron Miller;
2010;Fallen Chronicle;Lighthouse Pictures;Casey Brown and Sydney Jones and Dakota Taylor;
2017;Epic Promise;Moonlight Films;Sydney Walker and Casey Smith and Finley Lewis;
2007;Radiant Legacy;Eclipse Entertainment;Riley King and Skyler Scott;
2009;Radiant Whisper;Silver Screen Productions;Morgan King;
2001;Shadow Journey;Moonlight Films;Morgan Young;
2001;Distant Fall;Titan Films;Finley Green and Parker Johnson and Blake Wilson;
2002;Crimson Empire;Titan Films;Dakota Johnson;
2023;Celestial Rise;Moonlight Films;Parker King and Jordan Brown and Reese Brown;
2016;Hidden Odyssey;Sunset Cinema;Avery Davis and Riley King and Jamie Green;
2005;Eternal Frontier;Aurora Media;Morgan Green and Blake Allen and Quinn Williams;
2005;Eternal Fall;Eclipse Entertainment;Casey Scott and Finley Allen;
2028;Radiant Frontier;Silver Screen Productions;Quinn Hall and Rowan Baker;
2017;Infinite Fall;Eclipse Entertainment;Parker Lewis and Dakota Allen and Avery Smith;
2009;Lonely Saga;Eclipse Entertainment;Reese Smith;
2007;Infinite Revelation;Moonlight Films;Parker Scott and Sydney Scott and Cameron Green;
2001;Fallen Rise;Nova Pictures;Parker Lewis;
2007;Lost Chronicle;Blue Horizon;Cameron Walker;
2006;Golden Revelation;Titan Films;Skyler Green;
2003;Lonely Destiny;Moonlight Films;Cameron Walker and Taylor Johnson and Rowan Lewis;
2013;Celestial Odyssey;Sunset Cinema;Finley Smith and Avery Johnson and Reese King;yes
2017;Distant Reckoning;Silver Screen Productions;Jamie Jones and Jordan Walker and Dakota Baker;
2002;Lost Whisper;Blue Horizon;Logan Jones and Rowan Brown;
2023;Silent Frontier;Aurora Media;Taylor Walker and Sydney Hall;
2004;Shadow Miracle;Eclipse Entertainment;Skyler Walker;
2006;Eternal Paradox;Eclipse Entertainment;Jamie Brown;
2013;Radiant Labyrinth;Starlight Studios;Quinn Hall;
2006;Radiant Rise;Lighthouse Pictures;Alex Taylor and Casey Lewis and Finley Allen;
2014;Silent Quest;Sunset Cinema;Blake Jones and Taylor Williams and Jordan Wilson;
2029;Shadow Destiny;Moonlight Films;Morgan Taylor and Dakota Young;yes
2006;Eternal Empire;Sunset Cinema;Sydney Anderson and Emerson Young and Finley Jones;
2021;Crimson Fall;Lighthouse Pictures;Sydney Johnson and Parker Miller and Jordan Taylor;
2022;Lonely Chronicle;Moonlight Films;Alex Brown and Avery Anderson;
2029;Epic Odyssey;Moonlight Films;Avery Wilson and Avery King;
2003;Radiant Miracle;Lighthouse Pictures;Taylor Miller and Riley King and Dakota Scott;
2000;Silent Quest;Eclipse Entertainment;Rowan Young and Avery Miller;yes
2021;Epic Rise;Blue Horizon;Sydney Anderson;
2020;Secret Fall;Moonlight Films;Parker Wilson and Logan Clark and Avery Jones;yes
2012;Last Paradox;Sunset Cinema;Jamie Green and Logan Hall;
2029;Lonely Revelation;Titan Films;Logan Davis and Logan Green and Emerson Davis;
2009;Last Reckoning;Aurora Media;Cameron Miller;
2017;Eternal Odyssey;Nova Pictures;Logan Smith and Rowan Hall;
2009;Fallen Chronicle;Nova Pictures;Morgan Jones;
2024;Lonely Paradox;Blue Horizon;Cameron Baker and Jamie Baker and Jamie Wilson;
2011;Golden Miracle;Nova Pictures;Finley Young and Blake Miller and Avery Young;
2005;Infinite Quest;Moonlight Films;Alex Anderson and Quinn Wilson;
2006;Infinite Legacy;Nova Pictures;Finley Young and Rowan Allen;
2013;Ancient Horizon;Lighthouse Pictures;Avery Clark and Avery Baker and Cameron Baker;
2020;Silent Echo;Starlight Studios;Dakota Johnson and Jamie King;
2023;Silent Frontier;Aurora Media;Jordan Davis and Reese Allen and Avery Taylor;
2009;Fallen Journey;Aurora Media;Finley Johnson and Sydney Jones;
2020;Fallen Legacy;Eclipse Entertainment;Casey Green;
2022;Eternal Reckoning;Aurora Media;Rowan Allen and Alex Miller;
2028;Infinite Promise;Starlight Studios;Rowan Miller and Morgan Brown;
2014;Epic Legacy;Eclipse Entertainment;Avery King and Finley Miller and Avery Scott;
2024;Storm Revelation;Lighthouse Pictures;Logan Miller and Logan Miller and Jordan Hall;
2023;Fallen Destiny;Nova Pictures;Logan Davis;yes
2024;Secret Saga;Titan Films;Skyler Scott and Alex Baker;
2007;Infinite Labyrinth;Titan Films;Quinn Allen and Taylor Baker;
2007;Eternal Chronicle;Lighthouse Pictures;Emerson Davis and Jordan Miller and Logan Johnson;
2001;Shadow Horizon;Lighthouse Pictures;Reese Clark and Taylor Johnson and Morgan Hall;
2005;Mystic Paradox;Lighthouse Pictures;Emerson Miller and Dakota Green and Blake Johnson;yes
2009;Radiant Rise;Aurora Media;Quinn Scott;yes
2015;Shadow Odyssey;Blue Horizon;Sydney Hall and Sydney Davis;
2019;Silent Odyssey;Lighthouse Pictures;Sydney Brown and Skyler Baker and Reese Hall;
2010;Secret Echo;Lighthouse Pictures;Blake Jones and Finley Green and Skyler King;
2015;Broken Journey;Lighthouse Pictures;Reese Davis;yes
2000;Fallen Odyssey;Sunset Cinema;Quinn Hall and Jordan Clark and Blake Scott;
2006;Crimson Empire;Blue Horizon;Taylor Taylor and Reese King;
2024;Crimson Odyssey;Silver Screen Productions;Avery Green and Finley Smith;
2006;Radiant Revelation;Titan Films;Jordan Jones and Skyler Jones;
2028;Eternal Revelation;Titan Films;Jordan King and Reese Green;
2010;Eternal Frontier;Moonlight Films;Cameron Clark;
2028;Epic Legacy;Nova Pictures;Alex Clark and Avery Scott;
2018;Lonely Fall;Nova Pictures;Morgan Taylor and Rowan Johnson and Parker Hall;yes
2028;Lost Rise;Titan Films;Riley King and Reese Miller;
2025;Silent Empire;Starlight Studios;Sydney Smith and Skyler King;
2010;Broken Echo;Blue Horizon;Logan Williams and Sydney Jones;
2001;Fallen Fall;Eclipse Entertainment;Alex Taylor;
2021;Lonely Legacy;Silver Screen Productions;Jordan Williams and Sydney Taylor;yes
2024;Mystic Empire;Silver Screen Productions;Riley Taylor;
2010;Fallen Odyssey;Blue Horizon;Casey Anderson;
2019;Eternal Echo;Starlight Studios;Emerson Lewis;
2008;Shadow Destiny;Lighthouse Pictures;Casey Brown;
2028;Radiant Frontier;Titan Films;Logan Smith;
2021;Silent Odyssey;Aurora Media;Taylor Hall;
2022;Lonely Labyrinth;Titan Films;Blake Taylor and Rowan Davis and Emerson Brown;
2024;Fallen Labyrinth;Nova Pictures;Dakota Williams;
2021;Fallen Miracle;Sunset Cinema;Logan Baker;
2011;Ancient Journey;Silver Screen Productions;Dakota Young and Alex Brown;
